Workbook

Sheet 00_Forside_og_Logg
B2: KRISTIANSAND KOMMUNE — ØKONOMI OG VIRKSOMHETSSTYRING
B3: FP&A Finansiell Modell: Avviksanalyse og EOY Prognose 2026
B5: Virksomhetsområde: | C5: Oppvekst og Utdanning — Enhet 202 Grunnskole
B6: Saksbehandler: | C6: Frank Ellingsen, Senior Controller & BI-Spesialist
B7: Modellstandard: | C7: FAST Standard (Flexibility, Appropriateness, Structured, Transparent)
B8: Rapporteringsperiode: | C8: 2. Tertial / Q2 (H1 2026)
B9: Hjemmel / Prosess: | C9: Kommuneloven § 14-5 & Stage-Gate Port 9
B10: Kryptografisk Stempel: | C10: SHA-256: 742c47dca32dc3aebbd9e791e9f8bd6b386144572394c33149164ef06b43fb44
B11: Kvalitetssikring: | C11: Automatisert verifikasjon via Gemini Flash & Visma ERP
B13: FAST FARGEKODER (STANDARD)
B14: Blå tekst (#000080): | C14: Hardkodede inndata og forutsetninger
B15: Svart tekst (#000000): | C15: Beregnede formler og summeringer
B16: Grønn tekst (#006100): | C16: Interne cellereferanser innen modellen
B17: Rød tekst (#800000): | C17: Eksterne koblinger (Visma ERP / Power Query)
B18: Grå bakgrunn (#F2F2F2): | C18: Inndataceller som krever manuell overprøving
B20: ENDRINGSLOGG & VERSJONSKONTROLL
B21: Versjon | C21: Dato | D21: Endret av | E21: Beskrivelse av endring | F21: Godkjenning
B22: v1.0 | C22: 15.06.2026 | D22: Frank Ellingsen | E22: Initial oppsett av modell og Power Query import | F22: Godkjent
B23: v1.1 | C23: 30.06.2026 | D23: Frank Ellingsen | E23: Innarbeidet H1 regnskapstall fra Visma Enterprise | F23: Godkjent
B24: v1.2 | C24: 18.10.2026 | D24: Frank Ellingsen | E24: Kvantifisering av tiltakspakke og Monte Carlo EOY | F24: Signert

Sheet 01_Forutsetninger_Rammer
B2: FINANSIELLE FORUTSETNINGER OG DEFLATORER 2026
B3: Hardkodede inndata er merket med blå skrift (#000080) og grå bakgrunn jf. FAST-standarden.
B5: Parameter / Forutsetning | C5: Kode / Nøkkel | D5: Verdi | E5: Enhet | F5: Kilde / Hjemmel
B6: Lønnsvekst deflator (KS) | C6: PARAM_LONN_VEKST | D6: 0.041 | E6: Prosent | F6: KS Tariffoppgjør 2026
B7: Kommunal deflator (varer/tjenester) | C7: PARAM_PRIS_DEFLATOR | D7: 0.032 | E7: Prosent | F7: Statsbudsjettet 2026 (Prop. 1 S)
B8: Sykefravær grenseverdi for alarm | C8: PARAM_FRAVAER_ALARM | D8: 0.08 | E8: Prosent | F8: Kristiansand IA-avtale
B9: Faktisk sykefravær Enhet 202 | C9: PARAM_FRAVAER_ENHET202 | D9: 0.142 | E9: Prosent | F9: Visma HRM / Fraværsmodul
B10: Gj.snitt saksbehandlingstid NAV refusjon | C10: PARAM_NAV_DAGER | D10: 48 | E10: Enheter | F10: NAV Arbeid og Ytelser
B11: Forventet månedlig innsparing tiltak | C11: PARAM_TILTAK_MND | D11: 170000 | E11: Enheter | F11: Vedtak Formannskapet
B12: Gjenværende måneder med tiltak | C12: PARAM_MND_AKTIV | D12: 5 | E12: Enheter | F12: August - Desember 2026
B13: Opprinnelig budsjettramme 2026 | C13: PARAM_BUDSJETT_AAR | D13: 13700000 | E13: Kroner | F13: Bystyrets vedtatte budsjett

Sheet 02_Data_Visma_Import
B2: VISMA ENTERPRISE ERP: RÅDATALAST (POWER QUERY READ-ONLY)
B3: Importert via M-spørring 'Fact_Hovedbok'. PII-vasket iht. GDPR (ingen navn/fødselsnumre).
B5: Bilagsnr | C5: Dato | D5: Periode | E5: KontoArt | F5: Art Tittel | G5: Ansvar | H5: Tjeneste | I5: Tekst / Bilagstekst | J5: Beløp NOK
B6: BIL-2026-1042 | C6: 15.01.2026 | D6: 2026-01 | E6: 1010 | F6: Faste lønninger | G6: 202 | H6: 2020 | I6: Fastlønn lærere jan | J6: 810000
B7: BIL-2026-1088 | C7: 30.01.2026 | D7: 2026-01 | E7: 1020 | F7: Innkjøp vikarer | G7: 202 | H7: 2020 | I7: Vikarforbruk uke 2-4 | J7: 195000
B8: BIL-2026-2101 | C8: 15.02.2026 | D8: 2026-02 | E8: 1010 | F8: Faste lønninger | G8: 202 | H8: 2020 | I8: Fastlønn lærere feb | J8: 810000
B9: BIL-2026-2150 | C9: 28.02.2026 | D9: 2026-02 | E9: 1020 | F9: Innkjøp vikarer | G9: 202 | H9: 2020 | I9: Vikarforbruk uke 6-8 | J9: 240000
B10: BIL-2026-3040 | C10: 15.03.2026 | D10: 2026-03 | E10: 1010 | F10: Faste lønninger | G10: 202 | H10: 2020 | I10: Fastlønn lærere mar | J10: 815000
B11: BIL-2026-3112 | C11: 31.03.2026 | D11: 2026-03 | E11: 1020 | F11: Innkjøp vikarer | G11: 202 | H11: 2020 | I11: Vikarforbruk uke 10-12 | J11: 280000
B12: BIL-2026-3190 | C12: 31.03.2026 | D12: 2026-03 | E12: 1600 | F12: NAV-refusjoner | G12: 202 | H12: 2020 | I12: Refusjon sykepenger Q1 | J12: -190000
B13: BIL-2026-4022 | C13: 15.04.2026 | D13: 2026-04 | E13: 1010 | F13: Faste lønninger | G13: 202 | H13: 2020 | I13: Fastlønn lærere apr | J13: 815000
B14: BIL-2026-4105 | C14: 30.04.2026 | D14: 2026-04 | E14: 1020 | F14: Innkjøp vikarer | G14: 202 | H14: 2020 | I14: Vikarforbruk uke 15-17 | J14: 310000
B15: BIL-2026-5011 | C15: 15.05.2026 | D15: 2026-05 | E15: 1010 | F15: Faste lønninger | G15: 202 | H15: 2020 | I15: Fastlønn lærere mai | J15: 820000
B16: BIL-2026-5099 | C16: 31.05.2026 | D16: 2026-05 | E16: 1020 | F16: Innkjøp vikarer | G16: 202 | H16: 2020 | I16: Sesongfravær vikar mai | J16: 395000
B17: BIL-2026-5150 | C17: 31.05.2026 | D17: 2026-05 | E17: 1090 | F17: Overtid | G17: 202 | H17: 2020 | I17: Eksamensavvikling overtid | J17: 215000
... B22: BIL-2026-6300 | C22: 30.06.2026 | D22: 2026-06 | E22: 1200 | F22: Læremidler og drift | G22: 202 | H22: 2020 | I22: Innkjøp undervisningsmateriell | J22: 184000

Sheet 03_Beregninger_Prognose
B2: BEREGNING AV AVVIK OG HELÅRSPROGNOSE (EOY) FOR ENHET 202
B3: Formelrekker iht. FAST: Svarte formler (#000000), grønne referanser (#006100), dynamiske summeringer.
B5: Art | C5: Artsbeskrivelse | D5: Budsjett H1 | E5: Faktisk H1 | F5: Avvik YTD | G5: Avvik % | H5: Mnd Runrate | I5: Tiltak H2 | J5: Prognose EOY | K5: EOY Avvik
B6: 1010 | C6: Faste lønninger | D6: 4850000 | E6: 4890000 | F6: =D6-E6 | G6: =IF(D6<>0, F6/D6, 0) | H6: =E6/6 | I6: 0 | J6: =E6+(H6*6)+(I6*'01_Forutsetninger_Rammer'!D12) | K6: =(D6*2)-J6
B7: 1020 | C7: Innkjøp av vikarer (timelærere) | D7: 1200000 | E7: 1820000 | F7: =D7-E7 | G7: =IF(D7<>0, F7/D7, 0) | H7: =E7/6 | I7: -120000 | J7: =E7+(H7*6)+(I7*'01_Forutsetninger_Rammer'!D12) | K7: =(D7*2)-J7
B8: 1090 | C8: Overtid og kveldstillegg | D8: 57000 | E8: 436000 | F8: =D8-E8 | G8: =IF(D8<>0, F8/D8, 0) | H8: =E8/6 | I8: -50000 | J8: =E8+(H8*6)+(I8*'01_Forutsetninger_Rammer'!D12) | K8: =(D8*2)-J8
B9: 1200 | C9: Læremidler og forbruksmateriell | D9: 513000 | E9: 184000 | F9: =D9-E9 | G9: =IF(D9<>0, F9/D9, 0) | H9: =E9/6 | I9: 0 | J9: =E9+(H9*6)+(I9*'01_Forutsetninger_Rammer'!D12) | K9: =(D9*2)-J9
B10: 1600 | C10: NAV-sykepengerefusjoner | D10: -590000 | E10: -410000 | F10: =D10-E10 | G10: =IF(D10<>0, F10/D10, 0) | H10: =E10/6 | I10: 0 | J10: =E10+(H10*6)+(I10*'01_Forutsetninger_Rammer'!D12) | K10: =(D10*2)-J10
B11: 1270 | C11: Konsulenter og andre driftsutg. | D11: 820000 | E11: 780000 | F11: =D11-E11 | G11: =IF(D11<>0, F11/D11, 0) | H11: =E11/6 | I11: 0 | J11: =E11+(H11*6)+(I11*'01_Forutsetninger_Rammer'!D12) | K11: =(D11*2)-J11
B12: TOTAL | C12: Sum Enhet 202 Grunnskole | D12: =SUM(D6:D11) | E12: =SUM(E6:E11) | F12: =SUM(F6:F11) | G12: =F12/D12 | H12: =SUM(H6:H11) | I12: =SUM(I6:I11) | J12: =SUM(J6:J11) | K12: =SUM(K6:K11)

Sheet 04_Rapport_Bystyret
B2: BYSTYRET & FORMANNSKAPET — FINANSIELL RAPPORT TERTIAL 2 2026
B3: Økonomisk Status, Avviksanalyse og Anbefalt Vedtak for Enhet 202 Grunnskole
B5: BUDSJETT H1 | D5: FAKTISK REGNSKAP H1 | F5: YTD AVVIK | H5: FORVENTET EOY AVVIK
B6: ='03_Beregninger_Prognose'!D12 | D6: ='03_Beregninger_Prognose'!E12 | F6: ='03_Beregninger_Prognose'!F12 | H6: ='03_Beregninger_Prognose'!K12
B7: Tildelt ramme 1. halvår | D7: Bokført forbruk i Visma ERP | F7: Netto merforbruk pr 30.06 | H7: Etter iverksatte tiltak H2
B9: RAPPORTTABELL FOR BYSTYRET (KOSTRA ARTSFORDELING)
B10: Kontoart | C10: Beskrivelse | D10: Budsjett H1 | E10: Regnskap H1 | F10: Avvik Kr | G10: Avvik % | H10: EOY Avvik
B11: ='03_Beregninger_Prognose'!B6 | C11: ='03_Beregninger_Prognose'!C6 | D11: ='03_Beregninger_Prognose'!D6 | E11: ='03_Beregninger_Prognose'!E6 | F11: ='03_Beregninger_Prognose'!F6 | G11: ='03_Beregninger_Prognose'!G6 | H11: ='03_Beregninger_Prognose'!K6
B12: ='03_Beregninger_Prognose'!B7 | C12: ='03_Beregninger_Prognose'!C7 | D12: ='03_Beregninger_Prognose'!D7 | E12: ='03_Beregninger_Prognose'!E7 | F12: ='03_Beregninger_Prognose'!F7 | G12: ='03_Beregninger_Prognose'!G7 | H12: ='03_Beregninger_Prognose'!K7
B13: ='03_Beregninger_Prognose'!B8 | C13: ='03_Beregninger_Prognose'!C8 | D13: ='03_Beregninger_Prognose'!D8 | E13: ='03_Beregninger_Prognose'!E8 | F13: ='03_Beregninger_Prognose'!F8 | G13: ='03_Beregninger_Prognose'!G8 | H13: ='03_Beregninger_Prognose'!K8
B14: ='03_Beregninger_Prognose'!B9 | C14: ='03_Beregninger_Prognose'!C9 | D14: ='03_Beregninger_Prognose'!D9 | E14: ='03_Beregninger_Prognose'!E9 | F14: ='03_Beregninger_Prognose'!F9 | G14: ='03_Beregninger_Prognose'!G9 | H14: ='03_Beregninger_Prognose'!K9
B15: ='03_Beregninger_Prognose'!B10 | C15: ='03_Beregninger_Prognose'!C10 | D15: ='03_Beregninger_Prognose'!D10 | E15: ='03_Beregninger_Prognose'!E10 | F15: ='03_Beregninger_Prognose'!F10 | G15: ='03_Beregninger_Prognose'!G10 | H15: ='03_Beregninger_Prognose'!K10
B16: ='03_Beregninger_Prognose'!B11 | C16: ='03_Beregninger_Prognose'!C11 | D16: ='03_Beregninger_Prognose'!D11 | E16: ='03_Beregninger_Prognose'!E11 | F16: ='03_Beregninger_Prognose'!F11 | G16: ='03_Beregninger_Prognose'!G11 | H16: ='03_Beregninger_Prognose'!K11
B17: TOTAL | C17: Totalt Enhet 202 Grunnskole | D17: =SUM(D11:D16) | E17: =SUM(E11:E16) | F17: =SUM(F11:F16) | G17: =F17/D17 | H17: =SUM(H11:H16)
B19: KOMMUNEDIREKTØRENS SAMMENDRAG & ANBEFALT VEDTAK (§ 14-5)
B20: 1. Avvikssituasjon: Merforbruket i 1. halvår skyldes 14,2 % sesongsykefravær som krevde akutt vikarbruk (konto 1020).
B21: 2. Handlingsplan: Klassesammenslåing ved korttidsfravær og samlepurring til NAV reduserer månedlig utgiftsnivå med kr 170 000.
B22: 3. Helårseffekt (EOY): Netto avvik ved årsslutt er beregnet til kr 350 000, som innstilles dekket av omstillingsfondet.
B23: 4. Forslag til vedtak: Bystyret godkjenner omdisponering av kr 350 000 jf. Kommuneloven § 14-5.
