Workbook

Sheet 00_Forside_og_Logg
B2: KRISTIANSAND KOMMUNE — BYUTVIKLING & EIENDOM
B3: Project Controller & Capex Modell: Earned Value Management (ISO 21508)
B5: Dokumenttype: | C5: Månedlig Investerings- og Fremdriftsrapport (Capex)
B6: Saksbehandler: | C6: Frank Ellingsen, Project Controller & BI-Spesialist
B7: Standard / Rammeverk: | C7: ISO 21508 Earned Value Management & Edward Tufte Data-Ink Ratio
B8: Portefølje: | C8: Investeringsprosjekter 2026 (Vågsbygd Skole, Randesund Boenhet, VA)
B9: Gjeldende Periode: | C9: Per 2. Tertial (Måned 8 / August 2026)
B10: Kryptografisk Stempel: | C10: SHA-256: 92fc763990efd6279c1d58bbe4892449b076920f7ddc9ac6ef1733798c43299b
B11: Godkjenning: | C11: Kvalitetssikret for Formannskapet og Kontrollutvalget
B14: Revisjons- og Endringslogg (Stage-Gate Port 9):
B15: Revisjon | C15: Dato | D15: Utført av | E15: Beskrivelse av endring / Milepæl | F15: Status
B16: v1.0 | C16: 15.01.2026 | D16: Frank Ellingsen | E16: Etablering av periodiserte basisbudsjetter (BAC/PV) | F16: GODKJENT
B17: v1.1 | C17: 15.05.2026 | D17: Frank Ellingsen | E17: T1 rapportering: Grunnarbeid fullført Vågsbygd Skole | F17: GODKJENT
B18: v1.2 | C18: 20.08.2026 | D18: Frank Ellingsen | E18: T2 avviksanalyse: Påløpte kostnader døgnpost Randesund | F18: GODKJENT
B19: v2.0 | C19: 14.10.2026 | D19: Frank Ellingsen | E19: Sluttprognose EAC & P85-usikkerhetsavsetning for Bystyret | F19: GJELDENDE

Sheet 01_EVM_Executive_Dashboard
B2: PORTEFØLJEOVERSIKT — EARNED VALUE MANAGEMENT (ISO 21508)
B3: Finansiell fremdrift og kostnadseffektivitet per 31.08.2026 (Alle tall i hele NOK ekskl. mva)
B5: Planlagt Verdi (PV) | D5: Påløpt Kostnad (AC) | F5: Opptjent Verdi (EV) | H5: Kostnadsavvik (CV)
B6: =SUM(E11:E13) | D6: =SUM(F11:F13) | F6: =SUM(G11:G13) | H6: =F5-G5
B7: Periodisert budsjett per T2 | D7: Bokført i Visma ERP | F7: Fysisk utført verdi | H7: Overforbruk ved negativ verdi
B9: EVM Nøkkeltallstabell per Prosjekt:
B10: Prosjektkode | C10: Prosjektnavn | D10: Vedtatt Ramme (BAC) | E10: Planlagt (PV) | F10: Påløpt (AC) | G10: Opptjent (EV) | H10: Kostn.avvik (CV) | I10: Kostn.indeks (CPI) | J10: Sluttkostnad (EAC) | K10: Sluttavvik (VAC)
B11: PROJ-101 | C11: Vågsbygd Skole Utvidelse | D11: 185000000 | E11: 115000000 | F11: 104500000 | G11: 95000000 | H11: =G11-F11 | I11: =IF(F11>0, G11/F11, 1.0) | J11: =IF(I11>0, D11/I11, D11) | K11: =D11-J11
B12: PROJ-201 | C12: Randesund Døgnbemannet Boenhet | D12: 240000000 | E12: 165000000 | F12: 139100000 | G12: 117300000 | H12: =G12-F12 | I12: =IF(F12>0, G12/F12, 1.0) | J12: =IF(I12>0, D12/I12, D12) | K12: =D12-J12
B13: PROJ-301 | C13: VA-Hovedledning Selvkost | D13: 92000000 | E13: 48000000 | F13: 49300000 | G13: 50600000 | H13: =G13-F13 | I13: =IF(F13>0, G13/F13, 1.0) | J13: =IF(I13>0, D13/I13, D13) | K13: =D13-J13
B14: TOTAL | C14: Hele Porteføljen | D14: =SUM(D11:D13) | E14: =SUM(E11:E13) | F14: =SUM(F11:F13) | G14: =SUM(G11:G13) | H14: =G14-F14 | I14: =IF(F14>0, G14/F14, 1.0) | J14: =IF(I14>0, D14/I14, D14) | K14: =D14-J14
B16: Metodeforklaring & Retningslinjer (Project Controller):
B17: 1. CPI < 1.000: Betyr overskridelse per opptjent krone. Randesund Boenhet (0.843) krever omprosjektering av tekniske anlegg.
B18: 2. VAC (Variance at Completion): Viser estimert sluttoverskridelse. Samlet portefølje har en sluttoverskridelse på kr (80 448 796).
B19: 3. Inndekning: Eventuelle overskridelser må fremmes for Bystyret som tilleggsbevilgning eller dekkes via disposisjonsfond jf. § 14-5.

Sheet 02_Periodisert_S_Kurve
B2: MÅNEDLIG FREMDRIFT & PERIODISERT S-KURVE (2026)
B3: Akkumulert fremdrift for Vågsbygd Skole Utvidelse (PROJ-101) — Planlagt (PV) vs Påløpt (AC)
B5: Måned | C5: Planlagt Mnd | D5: Planlagt Kumulativ (PV) | E5: Påløpt Mnd | F5: Påløpt Kumulativ (AC) | G5: Opptjent Kumulativ (EV) | H5: Kumulativt Avvik (CV) | I5: Kostnadsindeks (CPI)
B6: Januar | C6: 8000000 | D6: =C6 | E6: 7500000 | F6: =IF(E6>0, E6, "") | G6: 7200000 | H6: =IF(ISNUMBER(G6), G6-F6, "") | I6: =IF(AND(ISNUMBER(G6), F6>0), G6/F6, "")
B7: Februar | C7: 12000000 | D7: =D6+C7 | E7: 11800000 | F7: =IF(E7>0, F6+E7, "") | G7: =IF(E7>0, G6+11000000, "") | H7: =IF(ISNUMBER(G7), G7-F7, "") | I7: =IF(AND(ISNUMBER(G7), F7>0), G7/F7, "")
B8: Mars | C8: 15000000 | D8: =D7+C8 | E8: 14200000 | F8: =IF(E8>0, F7+E8, "") | G8: =IF(E8>0, G7+13500000, "") | H8: =IF(ISNUMBER(G8), G8-F8, "") | I8: =IF(AND(ISNUMBER(G8), F8>0), G8/F8, "")
B9: April | C9: 18000000 | D9: =D8+C9 | E9: 17900000 | F9: =IF(E9>0, F8+E9, "") | G9: =IF(E9>0, G8+16000000, "") | H9: =IF(ISNUMBER(G9), G9-F9, "") | I9: =IF(AND(ISNUMBER(G9), F9>0), G9/F9, "")
B10: Mai | C10: 16000000 | D10: =D9+C10 | E10: 15500000 | F10: =IF(E10>0, F9+E10, "") | G10: =IF(E10>0, G9+14200000, "") | H10: =IF(ISNUMBER(G10), G10-F10, "") | I10: =IF(AND(ISNUMBER(G10), F10>0), G10/F10, "")
B11: Juni | C11: 17000000 | D11: =D10+C11 | E11: 16800000 | F11: =IF(E11>0, F10+E11, "") | G11: =IF(E11>0, G10+15100000, "") | H11: =IF(ISNUMBER(G11), G11-F11, "") | I11: =IF(AND(ISNUMBER(G11), F11>0), G11/F11, "")
B12: Juli | C12: 14000000 | D12: =D11+C12 | E12: 11200000 | F12: =IF(E12>0, F11+E12, "") | G12: =IF(E12>0, G11+9500000, "") | H12: =IF(ISNUMBER(G12), G12-F12, "") | I12: =IF(AND(ISNUMBER(G12), F12>0), G12/F12, "")
B13: August | C13: 15000000 | D13: =D12+C13 | E13: 9600000 | F13: =IF(E13>0, F12+E13, "") | G13: =IF(E13>0, G12+8500000, "") | H13: =IF(ISNUMBER(G13), G13-F13, "") | I13: =IF(AND(ISNUMBER(G13), F13>0), G13/F13, "")
B14: September (P) | C14: 18000000 | D14: =D13+C14 | F14: =IF(E14>0, F13+E14, "") | G14: =IF(E14>0, G13+0, "") | H14: =IF(ISNUMBER(G14), G14-F14, "") | I14: =IF(AND(ISNUMBER(G14), F14>0), G14/F14, "")
B15: Oktober (P) | C15: 20000000 | D15: =D14+C15 | F15: =IF(E15>0, F14+E15, "") | G15: =IF(E15>0, G14+0, "") | H15: =IF(ISNUMBER(G15), G15-F15, "") | I15: =IF(AND(ISNUMBER(G15), F15>0), G15/F15, "")
B16: November (P) | C16: 19000000 | D16: =D15+C16 | F16: =IF(E16>0, F15+E16, "") | G16: =IF(E16>0, G15+0, "") | H16: =IF(ISNUMBER(G16), G16-F16, "") | I16: =IF(AND(ISNUMBER(G16), F16>0), G16/F16, "")
B17: Desember (P) | C17: 13000000 | D17: =D16+C17 | F17: =IF(E17>0, F16+E17, "") | G17: =IF(E17>0, G16+0, "") | H17: =IF(ISNUMBER(G17), G17-F17, "") | I17: =IF(AND(ISNUMBER(G17), F17>0), G17/F17, "")

Sheet 03_Risiko_og_Usikkerhet
B2: USIKKERHETSANALYSE & RISK CONTINGENCY (P10 / P50 / P85)
B3: Avsetninger til uforutsette utgifter og styringsrammer iht. KS-veileder for kommunale investeringer
B5: Prosjektkode | C5: Prosjektnavn | D5: Basisestimat (P10) | E5: Styringsramme (P50) | F5: Kostnadsramme (P85) | G5: Avsatt Reserve (P85-P50) | H5: Brukt Reserve YTD | I5: Gjenstående Reserve
B6: PROJ-101 | C6: Vågsbygd Skole Utvidelse | D6: 160000000 | E6: 172000000 | F6: 185000000 | G6: =F6-E6 | H6: 8500000 | I6: =G6-H6
B7: PROJ-201 | C7: Randesund Døgnbemannet Boenhet | D7: 210000000 | E7: 225000000 | F7: 240000000 | G7: =F7-E7 | H7: 12800000 | I7: =G7-H7
B8: PROJ-301 | C8: VA-Hovedledning Selvkost | D8: 82000000 | E8: 87000000 | F8: 92000000 | G8: =F8-E8 | H8: 3100000 | I8: =G8-H8
B9: TOTAL | C9: Porteføljereserver | D9: =SUM(D6:D8) | E9: =SUM(E6:E8) | F9: =SUM(F6:F8) | G9: =SUM(G6:G8) | H9: =SUM(H6:H8) | I9: =SUM(I6:I8)

Sheet 04_Kontrollutvalg_Rapport
B2: KRISTIANSAND KOMMUNE — KONTROLLUTVALGET & BYSTYRET
B3: Periodisk Tilsynsrapport: Capex-avvik og Usikkerhetsstyring 2026
B5: Samlet Vedtatt Kostnadsramme (BAC): | E5: ='01_EVM_Executive_Dashboard'!D14
B6: Planlagt Akkumulert Fremdrift (PV): | E6: ='01_EVM_Executive_Dashboard'!E14
B7: Faktisk Påløpt Regnskapskostnad (AC): | E7: ='01_EVM_Executive_Dashboard'!F14
B8: Fysisk Opptjent Verdi (EV): | E8: ='01_EVM_Executive_Dashboard'!G14
B9: Samlet Kostnadsavvik (CV): | E9: ='01_EVM_Executive_Dashboard'!H14
B10: Porteføljens Kostnadsindeks (CPI): | E10: ='01_EVM_Executive_Dashboard'!I14
B11: Estimert Sluttkostnad ved Fullføring (EAC): | E11: ='01_EVM_Executive_Dashboard'!J14
B12: Netto Sluttoverskridelse mot Ramme (VAC): | E12: ='01_EVM_Executive_Dashboard'!K14
B15: Formell Attestasjon & Sign-off (Stage-Gate Port 9):
B16: Project Controller: | C16: Frank Ellingsen | E16: Signert elektronisk (BankID / SHA-256)
B17: Kommunaldirektør Byutvikling: | C17: Godkjent for fremlegging i Formannskapet | E17: Dato: 14.10.2026
B18: Kryptografisk Integritet: | C18: 92fc763990efd6279c1d58bbe4892449... | E18: Forseglet i Golden Record DB
