Workbook

Sheet Dashboard_og_Interaktivitet
A1: EXECUTIVE STYRINGSDASHBOARD — KRISTIANSAND KOMMUNE (1. TERTIAL 2026) Storytelling med Data: 10-Sekunders Regelen | Slicere | Drill-Down | Betinget Visualisering
A3: 💡 HOVEDKONKLUSJON (10 SEK): Visma ERP-etterslep på 300 tkr skaper fiktivt merforbruk. Reelt avvik for Grunnskole er kun 150 tkr (Amber).
A5: 🎛️ DYNAMISK SLICER / VELGER (INGEN HARDKODING)
A6: Velg Sektor: | B6: Oppvekst | D6: Velg Enhet: | E6: Grunnskole (KOSTRA 202) | G6: Visma Støy-Nøytralisering: | H6: PÅ
A8: 1. BOKFØRT VISMA (YTD) | D8: 2. FRAMSIKT RAMME (INKL. DEFLATOR) | G8: 3. BEREGNET NAV-ETTERSLEP (ART 1690) | J8: 4. REELT DRIFTSAVVIK (YTD)
A9: =SUM(EPM_Data[Bokført_Visma]) | D9: =SUM(EPM_Data[Korrigert_Ramme]) | G9: =IF(H6="PÅ", SUM(EPM_Data[Visma_NAV_Etterslep]), 0) | J9: =I9-(F9-C9)
A10: =IF(J9>0, "🔴 Merforbruk", IF(J9=0, "🟢 I Balanse", "🟢 Mindreforbruk")) | D10: =IF(J9>0, "🔴 Merforbruk", IF(J9=0, "🟢 I Balanse", "🟢 Mindreforbruk")) | G10: =IF(J9>0, "🔴 Merforbruk", IF(J9=0, "🟢 I Balanse", "🟢 Mindreforbruk")) | J10: =IF(J9>0, "🔴 Merforbruk", IF(J9=0, "🟢 I Balanse", "🟢 Mindreforbruk"))
A12: DRILL-DOWN MATRIX — DRIFTSAVVIK MED BETINGET VISUALISERING (BETANGET BARS & SYMBOLER)
A13: Nivå / KOSTRA Structure | B13: Vedtatt Ramme | C13: Framsikt Deflator (4.1%) | D13: Korrigert Ramme | E13: Bokført Visma | F13: Visma NAV-Etterslep | G13: Reelt Avvik YTD | H13: Visuell Avviksbar | I13: RAG Status | J13: Trend Symbol | K13: Aksjon / Tooltip Note
A14: 01 OPPVEKSTSEKTOR (TOTAL) | B14: 1200000 | C14: =B14*Parametre!$B$2 | D14: =B14+C14 | E14: 1280000 | F14: 300000 | G14: =E14-D14-IF($H$6="PÅ", F14, 0) | H14: =G14 | I14: =IF(G14>Parametre!$B$3, "🔴 Merforbruk", IF(G14>Parametre!$B$4, "🟡 Observasjon", "🟢 Innenfor Ramme")) | J14: 📈 | K14: Visma-støy nøytralisert; reell drift er under ramme
A15: ↳ KOSTRA 202 Grunnskole (Pilot) | B15: 450000 | C15: =B15*Parametre!$B$2 | D15: =B15+C15 | E15: 490000 | F15: 300000 | G15: =E15-D15-IF($H$6="PÅ", F15, 0) | H15: =G15 | I15: =IF(G15>Parametre!$B$3, "🔴 Merforbruk", IF(G15>Parametre!$B$4, "🟡 Observasjon", "🟢 Innenfor Ramme")) | J15: 📈 | K15: Reelt avvik -150 tkr etter NAV-korreksjon
A16: ↳ Lovbråten Skole (Ansvar 2021) | B16: 200000 | C16: =B16*Parametre!$B$2 | D16: =B16+C16 | E16: 220000 | F16: 150000 | G16: =E16-D16-IF($H$6="PÅ", F16, 0) | H16: =G16 | I16: =IF(G16>Parametre!$B$3, "🔴 Merforbruk", IF(G16>Parametre!$B$4, "🟡 Observasjon", "🟢 Innenfor Ramme")) | J16: ➡️ | K16: Vikarutgifter art 1020 balanseres av art 1690
A17: ↳ Wilds Minne Skole (Ansvar 2022) | B17: 250000 | C17: =B17*Parametre!$B$2 | D17: =B17+C17 | E17: 270000 | F17: 150000 | G17: =E17-D17-IF($H$6="PÅ", F17, 0) | H17: =G17 | I17: =IF(G17>Parametre!$B$3, "🔴 Merforbruk", IF(G17>Parametre!$B$4, "🟡 Observasjon", "🟢 Innenfor Ramme")) | J17: 📈 | K17: Sykefravær 9.2%; krever fraværstiltak
A18: ↳ KOSTRA 211 Barnehage | B18: 750000 | C18: =B18*Parametre!$B$2 | D18: =B18+C18 | E18: 790000 | F18: 0 | G18: =E18-D18-IF($H$6="PÅ", F18, 0) | H18: =G18 | I18: =IF(G18>Parametre!$B$3, "🔴 Merforbruk", IF(G18>Parametre!$B$4, "🟡 Observasjon", "🟢 Innenfor Ramme")) | J18: ➡️ | K18: Stabil drift innenfor tilført deflatorramme
A19: 02 HELSE OG MESTRINGSEKTOR (TOTAL) | B19: 1800000 | C19: =B19*Parametre!$B$2 | D19: =B19+C19 | E19: 1920000 | F19: 450000 | G19: =E19-D19-IF($H$6="PÅ", F19, 0) | H19: =G19 | I19: =IF(G19>Parametre!$B$3, "🔴 Merforbruk", IF(G19>Parametre!$B$4, "🟡 Observasjon", "🟢 Innenfor Ramme")) | J19: 📉 | K19: Høy vikarbruk i omsorgsboliger
A20: ↳ KOSTRA 254 Helse- og Omsorgsbolig (Pilot) | B20: 800000 | C20: =B20*Parametre!$B$2 | D20: =B20+C20 | E20: 860000 | F20: 450000 | G20: =E20-D20-IF($H$6="PÅ", F20, 0) | H20: =G20 | I20: =IF(G20>Parametre!$B$3, "🔴 Merforbruk", IF(G20>Parametre!$B$4, "🟡 Observasjon", "🟢 Innenfor Ramme")) | J20: 📉 | K20: Reelt mindreforbruk på +22.8 mill etter korreksjon
A21: ↳ Stener Heyerdahl Boenhet (Ansvar 2541) | B21: 400000 | C21: =B21*Parametre!$B$2 | D21: =B21+C21 | E21: 430000 | F21: 225000 | G21: =E21-D21-IF($H$6="PÅ", F21, 0) | H21: =G21 | I21: =IF(G21>Parametre!$B$3, "🔴 Merforbruk", IF(G21>Parametre!$B$4, "🟡 Observasjon", "🟢 Innenfor Ramme")) | J21: ➡️ | K21: God overgang til langturnus
A22: ↳ Eg Boenhet (Ansvar 2542) | B22: 400000 | C22: =B22*Parametre!$B$2 | D22: =B22+C22 | E22: 430000 | F22: 225000 | G22: =E22-D22-IF($H$6="PÅ", F22, 0) | H22: =G22 | I22: =IF(G22>Parametre!$B$3, "🔴 Merforbruk", IF(G22>Parametre!$B$4, "🟡 Observasjon", "🟢 Innenfor Ramme")) | J22: 📉 | K22: Vikarbyråbruk redusert med 15%
A23: ↳ KOSTRA 234 Hjemmesykepleie | B23: 1000000 | C23: =B23*Parametre!$B$2 | D23: =B23+C23 | E23: 1060000 | F23: 0 | G23: =E23-D23-IF($H$6="PÅ", F23, 0) | H23: =G23 | I23: =IF(G23>Parametre!$B$3, "🔴 Merforbruk", IF(G23>Parametre!$B$4, "🟡 Observasjon", "🟢 Innenfor Ramme")) | J23: 📈 | K23: Demografisk utgiftsbehov kompensert i HØP
A24: 03 BY- OG STEDSUTVIKLING (TOTAL) | B24: 500000 | C24: =B24*Parametre!$B$2 | D24: =B24+C24 | E24: 515000 | F24: 0 | G24: =E24-D24-IF($H$6="PÅ", F24, 0) | H24: =G24 | I24: =IF(G24>Parametre!$B$3, "🔴 Merforbruk", IF(G24>Parametre!$B$4, "🟡 Observasjon", "🟢 Innenfor Ramme")) | J24: 🟢 | K24: Mindreforbruk på kommunalteknikk
A25: ↳ KOSTRA 332 Kommunale Veier | B25: 500000 | C25: =B25*Parametre!$B$2 | D25: =B25+C25 | E25: 515000 | F25: 0 | G25: =E25-D25-IF($H$6="PÅ", F25, 0) | H25: =G25 | I25: =IF(G25>Parametre!$B$3, "🔴 Merforbruk", IF(G25>Parametre!$B$4, "🟡 Observasjon", "🟢 Innenfor Ramme")) | J25: 🟢 | K25: Gunstig vinterdrift i K1

Sheet Parametre
A1: EPM DYNAMISKE STYRINGSPARAMETRE — INGEN HARDKODING
A3: Parameter Navn | B3: Verdi / Terskel | C3: Forklaring / Kilde
A4: Framsikt Deflator RNB 2026 (%) | B4: 0.041 | C4: Oppjustert pris- og lønnsvekst fra 3.5% til 4.1%
A5: RAG Terskel Rød (Merforbruk kr) | B5: 100000 | C5: Avvik over 100 tkr utløser Rød status & handlingsplan
A6: RAG Terskel Amber (Observasjon kr) | B6: 0 | C6: Avvik mellom 0 og 100 tkr utløser Amber status
A7: Visma ERP RefusjonsEtterslep Dager | B7: 60 | C7: Gjennomsnittlig forsinkelse i NAV-føringer (art 1690)
A8: Bystyrets Mål Netto Resultat (%) | B8: 0.01 | C8: Minimumskrav til korrigert netto driftsresultat

Sheet EPM_Data_Master
A1: Sektor | B1: KOSTRA_Funksjon | C1: Ansvar_Enhet | D1: Vedtatt_Budsjett | E1: Framsikt_Deflator | F1: Korrigert_Ramme | G1: Bokført_Visma | H1: Visma_NAV_Etterslep | I1: Reelt_Avvik
A2: Oppvekst | B2: 202 Grunnskole | C2: 2021 Lovbråten Skole | D2: 200000 | E2: =D2*Parametre!$B$2 | F2: =D2+E2 | G2: 220000 | H2: 150000 | I2: =G2-F2-H2
A3: Oppvekst | B3: 202 Grunnskole | C3: 2022 Wilds Minne Skole | D3: 250000 | E3: =D3*Parametre!$B$2 | F3: =D3+E3 | G3: 270000 | H3: 150000 | I3: =G3-F3-I3
A4: Oppvekst | B4: 211 Barnehage | C4: 2110 Kommunale Barnehager | D4: 750000 | E4: =D4*Parametre!$B$2 | F4: =D4+E4 | G4: 790000 | H4: 0 | I4: =G4-F4-H4
A5: Helse og Mestring | B5: 254 Omsorgsbolig | C5: 2541 Stener Heyerdahl Boenhet | D5: 400000 | E5: =D5*Parametre!$B$2 | F5: =D5+E5 | G5: 430000 | H5: 225000 | I5: =G5-F5-H5
A6: Helse og Mestring | B6: 254 Omsorgsbolig | C6: 2542 Eg Boenhet | D6: 400000 | E6: =D6*Parametre!$B$2 | F6: =D6+E6 | G6: 430000 | H6: 225000 | I6: =G6-F6-H6
A7: Helse og Mestring | B7: 234 Hjemmesykepleie | C7: 2340 Hjemmetjenester | D7: 1000000 | E7: =D7*Parametre!$B$2 | F7: =D7+E7 | G7: 1060000 | H7: 0 | I7: =G7-F7-H7
A8: By- og Stedsutvikling | B8: 332 Veger | C8: 3320 Kommunalteknikk | D8: 500000 | E8: =D8*Parametre!$B$2 | F8: =D8+E8 | G8: 515000 | H8: 0 | I8: =G8-F8-H8
